username,hsp,wrp,wins,losses,matches,kd,kills,deaths,kpm,cheater
AS1XN,0.511,0.504,3682,3560,7303,1.14,34445,30323,4.72,false
Dong__Quixote,0.325,0.42099997,112,144,266,0.49,590,1204,2.22,false
CalculatedJM22,0.515,0.532,125,108,235,0.6,574,952,2.44,false
DG_mason,0.53,0.48900002,952,932,1949,1.01,10261,10151,5.26,false
xyrillz-,0.499,0.41099998,330,215,802,1.25,2567,2047,3.2,false
los2z9,0.498,0.443,202,51,456,0.82,347,423,0.76,false
QyartFrostApeh,0.536,0.511,774,729,1514,1.2,7866,6536,5.2,false
XxDIRTDEMONSxX,0.47,0.52,76,70,146,0.94,547,585,3.75,false
ebirk.,0.482,0.508,522,496,1027,1.04,4533,4340,4.41,false